{"ivl": ["6", "7", "4", "8", "9", "3", "2", "5", "0", "1"], "dcoord": [[0.0, 0.2130410036271265, 0.2130410036271265, 0.0], [0.0, 0.21353291596013496, 0.21353291596013496, 0.2130410036271265], [0.0, 0.24735564864426898, 0.24735564864426898, 0.21353291596013496], [0.0, 0.251050089999729, 0.251050089999729, 0.24735564864426898], [0.0, 0.25727307378600389, 0.25727307378600389, 0.251050089999729], [0.0, 0.27538305684161057, 0.27538305684161057, 0.0], [0.25727307378600389, 0.27994929767640619, 0.27994929767640619, 0.27538305684161057], [0.0, 0.28247847426549622, 0.28247847426549622, 0.27994929767640619], [0.0, 0.29565191244886424, 0.29565191244886424, 0.28247847426549622]], "leaves": [6, 7, 4, 8, 9, 3, 2, 5, 0, 1], "color_list": ["b", "b", "b", "b", "b", "b", "b", "b", "b"], "icoord": [[65.0, 65.0, 75.0, 75.0], [55.0, 55.0, 70.0, 70.0], [45.0, 45.0, 62.5, 62.5], [35.0, 35.0, 53.75, 53.75], [25.0, 25.0, 44.375, 44.375], [85.0, 85.0, 95.0, 95.0], [34.6875, 34.6875, 90.0, 90.0], [15.0, 15.0, 62.34375, 62.34375], [5.0, 5.0, 38.671875, 38.671875]]}